first_term_pct,latest_term_pct,grade_trend,cohort_percentile,absences,at_risk,student_group,subject,school
25.0,30.0,5.0,5.2,6,1,0,Mathematics,GP
25.0,25.0,0.0,3.6,4,1,1,Mathematics,GP
35.0,40.0,5.0,16.0,10,0,2,Mathematics,GP
75.0,70.0,-5.0,84.0,2,0,3,Mathematics,GP
30.0,50.0,20.0,20.1,4,0,4,Mathematics,GP
75.0,75.0,0.0,87.2,10,0,5,Mathematics,GP
60.0,60.0,0.0,62.9,0,0,6,Mathematics,GP
30.0,25.0,-5.0,5.2,6,1,7,Mathematics,GP
80.0,90.0,10.0,96.1,0,0,8,Mathematics,GP
70.0,75.0,5.0,84.0,0,0,9,Mathematics,GP
50.0,40.0,-10.0,31.5,0,1,10,Mathematics,GP
50.0,60.0,10.0,50.9,4,0,11,Mathematics,GP
70.0,70.0,0.0,80.2,2,0,12,Mathematics,GP
50.0,50.0,0.0,43.4,2,0,13,Mathematics,GP
70.0,80.0,10.0,87.2,0,0,14,Mathematics,GP
70.0,70.0,0.0,80.2,4,0,15,Mathematics,GP
65.0,70.0,5.0,76.4,6,0,16,Mathematics,GP
40.0,50.0,10.0,31.5,4,0,17,Mathematics,GP
30.0,25.0,-5.0,5.2,16,1,18,Mathematics,GP
40.0,50.0,10.0,31.5,4,0,19,Mathematics,GP
65.0,70.0,5.0,76.4,0,0,20,Mathematics,GP
60.0,75.0,15.0,76.4,0,0,21,Mathematics,GP
75.0,75.0,0.0,87.2,2,0,22,Mathematics,GP
65.0,65.0,0.0,71.6,0,0,23,Mathematics,GP
50.0,45.0,-5.0,37.8,2,1,24,Mathematics,GP
30.0,45.0,15.0,16.0,14,1,25,Mathematics,GP
60.0,60.0,0.0,62.9,2,0,26,Mathematics,GP
75.0,80.0,5.0,90.4,4,0,27,Mathematics,GP
55.00000000000001,55.00000000000001,0.0,53.9,4,0,28,Mathematics,GP
50.0,60.0,10.0,50.9,16,0,29,Mathematics,GP
45.0,55.00000000000001,10.000000000000007,43.4,0,0,30,Mathematics,GP
85.0,80.0,-5.0,94.7,0,0,31,Mathematics,GP
85.0,80.0,-5.0,94.7,0,0,32,Mathematics,GP
40.0,50.0,10.0,31.5,0,0,33,Mathematics,GP
60.0,70.0,10.0,71.6,0,0,34,Mathematics,GP
40.0,35.0,-5.0,16.0,0,1,35,Mathematics,GP
75.0,80.0,5.0,90.4,2,0,36,Mathematics,GP
75.0,80.0,5.0,90.4,7,0,37,Mathematics,GP
60.0,60.0,0.0,62.9,2,0,38,Mathematics,GP
70.0,65.0,-5.0,76.4,8,0,39,Mathematics,GP
35.0,50.0,15.0,25.2,25,0,40,Mathematics,GP
60.0,60.0,0.0,62.9,8,0,41,Mathematics,GP
95.0,90.0,-5.0,99.3,2,0,42,Mathematics,GP
40.0,40.0,0.0,20.1,0,0,43,Mathematics,GP
50.0,50.0,0.0,43.4,14,1,44,Mathematics,GP
40.0,40.0,0.0,20.1,8,1,45,Mathematics,GP
55.00000000000001,60.0,4.999999999999993,57.9,12,0,46,Mathematics,GP
95.0,95.0,0.0,99.9,4,0,47,Mathematics,GP
75.0,75.0,0.0,87.2,2,0,48,Mathematics,GP
35.0,35.0,0.0,12.5,2,1,49,Mathematics,GP
60.0,65.0,5.0,67.3,2,0,50,Mathematics,GP
55.00000000000001,65.0,9.999999999999993,62.9,2,0,51,Mathematics,GP
55.00000000000001,55.00000000000001,0.0,53.9,6,0,52,Mathematics,GP
40.0,50.0,10.0,31.5,0,0,53,Mathematics,GP
50.0,65.0,15.0,57.9,6,0,54,Mathematics,GP
40.0,45.0,5.0,25.2,8,0,55,Mathematics,GP
70.0,75.0,5.0,84.0,0,0,56,Mathematics,GP
70.0,75.0,5.0,84.0,4,0,57,Mathematics,GP
45.0,50.0,5.0,37.8,2,1,58,Mathematics,GP
75.0,80.0,5.0,90.4,2,0,59,Mathematics,GP
50.0,55.00000000000001,5.000000000000007,47.9,6,0,60,Mathematics,GP
50.0,40.0,-10.0,31.5,6,0,61,Mathematics,GP
40.0,50.0,10.0,31.5,4,1,62,Mathematics,GP
50.0,45.0,-5.0,37.8,2,1,63,Mathematics,GP
50.0,50.0,0.0,43.4,0,0,64,Mathematics,GP
80.0,75.0,-5.0,90.4,2,0,65,Mathematics,GP
65.0,65.0,0.0,71.6,4,0,66,Mathematics,GP
35.0,35.0,0.0,12.5,4,1,67,Mathematics,GP
40.0,45.0,5.0,25.2,2,1,68,Mathematics,GP
80.0,80.0,0.0,93.1,12,0,69,Mathematics,GP
65.0,75.0,10.0,80.2,0,0,70,Mathematics,GP
50.0,50.0,0.0,43.4,0,0,71,Mathematics,GP
40.0,30.0,-10.0,12.5,2,1,72,Mathematics,GP
60.0,60.0,0.0,62.9,2,0,73,Mathematics,GP
55.00000000000001,60.0,4.999999999999993,57.9,54,0,74,Mathematics,GP
45.0,45.0,0.0,31.5,6,0,75,Mathematics,GP
55.00000000000001,55.00000000000001,0.0,53.9,8,0,76,Mathematics,GP
55.00000000000001,55.00000000000001,0.0,53.9,0,0,77,Mathematics,GP
40.0,40.0,0.0,20.1,2,0,78,Mathematics,GP
25.0,25.0,0.0,3.6,12,1,79,Mathematics,GP
50.0,60.0,10.0,50.9,2,0,80,Mathematics,GP
55.00000000000001,50.0,-5.000000000000007,47.9,4,0,81,Mathematics,GP
35.0,30.0,-5.0,9.2,10,1,82,Mathematics,GP
75.0,75.0,0.0,87.2,4,0,83,Mathematics,GP
45.0,50.0,5.0,37.8,2,0,84,Mathematics,GP
35.0,45.0,10.0,20.1,6,1,85,Mathematics,GP
40.0,35.0,-5.0,16.0,4,1,86,Mathematics,GP
65.0,70.0,5.0,76.4,4,0,87,Mathematics,GP
55.00000000000001,50.0,-5.000000000000007,47.9,12,0,88,Mathematics,GP
40.0,30.0,-10.0,12.5,18,1,89,Mathematics,GP
35.0,35.0,0.0,12.5,0,1,90,Mathematics,GP
80.0,85.0,5.0,94.7,4,0,91,Mathematics,GP
35.0,30.0,-5.0,9.2,4,1,92,Mathematics,GP
55.00000000000001,50.0,-5.000000000000007,47.9,0,0,93,Mathematics,GP
55.00000000000001,65.0,9.999999999999993,62.9,6,0,94,Mathematics,GP
35.0,50.0,15.0,25.2,2,0,95,Mathematics,GP
55.00000000000001,75.0,19.999999999999993,71.6,2,0,96,Mathematics,GP
40.0,45.0,5.0,25.2,2,0,97,Mathematics,GP
55.00000000000001,70.0,14.999999999999993,67.3,6,0,98,Mathematics,GP
35.0,45.0,10.0,20.1,0,1,99,Mathematics,GP
35.0,35.0,0.0,12.5,14,1,100,Mathematics,GP
80.0,85.0,5.0,94.7,0,0,101,Mathematics,GP
50.0,65.0,15.0,57.9,4,0,102,Mathematics,GP
35.0,30.0,-5.0,9.2,26,1,103,Mathematics,GP
80.0,90.0,10.0,96.1,0,0,104,Mathematics,GP
50.0,55.00000000000001,5.000000000000007,47.9,10,0,105,Mathematics,GP
35.0,40.0,5.0,16.0,8,1,106,Mathematics,GP
80.0,90.0,10.0,96.1,2,0,107,Mathematics,GP
50.0,65.0,15.0,57.9,6,0,108,Mathematics,GP
70.0,75.0,5.0,84.0,4,0,109,Mathematics,GP
90.0,95.0,5.0,99.3,6,0,110,Mathematics,GP
35.0,50.0,15.0,25.2,0,0,111,Mathematics,GP
50.0,65.0,15.0,57.9,6,0,112,Mathematics,GP
90.0,95.0,5.0,99.3,10,0,113,Mathematics,GP
45.0,45.0,0.0,31.5,8,1,114,Mathematics,GP
75.0,75.0,0.0,87.2,2,0,115,Mathematics,GP
55.00000000000001,65.0,9.999999999999993,62.9,2,0,116,Mathematics,GP
65.0,70.0,5.0,76.4,0,0,117,Mathematics,GP
45.0,35.0,-10.0,20.1,20,1,118,Mathematics,GP
70.0,65.0,-5.0,76.4,6,0,119,Mathematics,GP
80.0,75.0,-5.0,90.4,2,0,120,Mathematics,GP
80.0,70.0,-10.0,87.2,6,0,121,Mathematics,GP
65.0,65.0,0.0,71.6,2,0,122,Mathematics,GP
70.0,55.00000000000001,-14.999999999999993,67.3,18,0,123,Mathematics,GP
40.0,35.0,-5.0,16.0,0,1,124,Mathematics,GP
65.0,65.0,0.0,71.6,0,0,125,Mathematics,GP
35.0,50.0,15.0,25.2,0,0,126,Mathematics,GP
35.0,40.0,5.0,16.0,2,1,127,Mathematics,GP
35.0,20.0,-15.0,5.2,0,1,128,Mathematics,GP
90.0,90.0,0.0,98.1,8,0,129,Mathematics,GP
60.0,0.0,-60.0,7.2,0,1,130,Mathematics,GP
40.0,0.0,-40.0,2.6,0,1,131,Mathematics,GP
50.0,65.0,15.0,57.9,12,0,132,Mathematics,GP
60.0,55.00000000000001,-4.999999999999993,57.9,16,0,133,Mathematics,GP
45.0,0.0,-45.0,3.0,0,1,134,Mathematics,GP
55.00000000000001,0.0,-55.00000000000001,6.4,0,1,135,Mathematics,GP
50.0,0.0,-50.0,3.6,0,1,136,Mathematics,GP
20.0,0.0,-20.0,0.1,0,1,137,Mathematics,GP
70.0,60.0,-10.0,71.6,0,0,138,Mathematics,GP
80.0,80.0,0.0,93.1,0,0,139,Mathematics,GP
35.0,45.0,10.0,20.1,0,1,140,Mathematics,GP
45.0,45.0,0.0,31.5,8,1,141,Mathematics,GP
45.0,55.00000000000001,10.000000000000007,43.4,2,0,142,Mathematics,GP
70.0,70.0,0.0,80.2,2,0,143,Mathematics,GP
25.0,0.0,-25.0,0.6,0,1,78,Mathematics,GP
40.0,55.00000000000001,15.000000000000007,37.8,0,0,144,Mathematics,GP
30.0,35.0,5.0,9.2,0,1,145,Mathematics,GP
50.0,55.00000000000001,5.000000000000007,47.9,2,0,146,Mathematics,GP
35.0,30.0,-5.0,9.2,0,1,115,Mathematics,GP
40.0,45.0,5.0,25.2,0,0,147,Mathematics,GP
30.0,25.0,-5.0,5.2,0,1,148,Mathematics,GP
60.0,65.0,5.0,67.3,6,0,149,Mathematics,GP
50.0,50.0,0.0,43.4,8,0,150,Mathematics,GP
25.0,0.0,-25.0,0.6,0,1,151,Mathematics,GP
55.00000000000001,55.00000000000001,0.0,53.9,0,0,152,Mathematics,GP
55.00000000000001,40.0,-15.000000000000007,37.8,2,1,153,Mathematics,GP
80.0,60.0,-20.0,80.2,8,0,154,Mathematics,GP
45.0,40.0,-5.0,25.2,6,0,155,Mathematics,GP
85.0,75.0,-10.0,93.1,2,0,156,Mathematics,GP
50.0,60.0,10.0,50.9,4,0,157,Mathematics,GP
35.0,30.0,-5.0,9.2,0,1,158,Mathematics,GP
25.0,45.0,20.0,12.5,6,1,159,Mathematics,GP
35.0,0.0,-35.0,1.9,0,1,160,Mathematics,GP
50.0,50.0,0.0,43.4,2,0,161,Mathematics,GP
25.0,40.0,15.0,9.2,0,1,162,Mathematics,GP
60.0,55.00000000000001,-4.999999999999993,57.9,16,0,163,Mathematics,GP
50.0,50.0,0.0,43.4,4,0,164,Mathematics,GP
70.0,75.0,5.0,84.0,0,0,165,Mathematics,GP
30.0,35.0,5.0,9.2,0,1,166,Mathematics,GP
70.0,70.0,0.0,80.2,0,0,167,Mathematics,GP
30.0,25.0,-5.0,5.2,0,1,168,Mathematics,GP
65.0,75.0,10.0,80.2,2,0,169,Mathematics,GP
65.0,55.00000000000001,-9.999999999999993,62.9,0,0,170,Mathematics,GP
40.0,35.0,-5.0,16.0,0,1,171,Mathematics,GP
50.0,55.00000000000001,5.000000000000007,47.9,4,1,172,Mathematics,GP
50.0,45.0,-5.0,37.8,4,1,173,Mathematics,GP
65.0,65.0,0.0,71.6,2,0,174,Mathematics,GP
30.0,25.0,-5.0,5.2,4,1,175,Mathematics,GP
50.0,40.0,-10.0,31.5,10,1,176,Mathematics,GP
50.0,50.0,0.0,43.4,4,0,177,Mathematics,GP
45.0,40.0,-5.0,25.2,10,1,178,Mathematics,GP
60.0,65.0,5.0,67.3,2,0,107,Mathematics,GP
80.0,85.0,5.0,94.7,0,0,179,Mathematics,GP
45.0,45.0,0.0,31.5,56,1,180,Mathematics,GP
60.0,65.0,5.0,67.3,14,0,181,Mathematics,GP
60.0,60.0,0.0,62.9,12,0,182,Mathematics,GP
55.00000000000001,60.0,4.999999999999993,57.9,2,0,183,Mathematics,GP
75.0,75.0,0.0,87.2,0,0,184,Mathematics,GP
40.0,35.0,-5.0,16.0,6,1,185,Mathematics,GP
40.0,45.0,5.0,25.2,4,0,186,Mathematics,GP
55.00000000000001,60.0,4.999999999999993,57.9,10,0,187,Mathematics,GP
40.0,40.0,0.0,20.1,0,1,188,Mathematics,GP
35.0,40.0,5.0,16.0,12,1,189,Mathematics,GP
40.0,45.0,5.0,25.2,8,0,190,Mathematics,GP
65.0,70.0,5.0,76.4,0,0,191,Mathematics,GP
70.0,75.0,5.0,84.0,0,0,192,Mathematics,GP
85.0,75.0,-10.0,93.1,4,0,193,Mathematics,GP
45.0,45.0,0.0,31.5,8,0,194,Mathematics,GP
90.0,90.0,0.0,98.1,24,0,195,Mathematics,GP
45.0,45.0,0.0,31.5,0,0,196,Mathematics,GP
80.0,80.0,0.0,93.1,2,0,197,Mathematics,GP
40.0,50.0,10.0,31.5,6,0,198,Mathematics,GP
45.0,45.0,0.0,31.5,4,0,199,Mathematics,GP
35.0,30.0,-5.0,9.2,18,1,200,Mathematics,GP
50.0,50.0,0.0,43.4,6,0,201,Mathematics,GP
50.0,45.0,-5.0,37.8,28,1,202,Mathematics,GP
35.0,35.0,0.0,12.5,5,1,203,Mathematics,GP
55.00000000000001,60.0,4.999999999999993,57.9,10,0,204,Mathematics,GP
45.0,45.0,0.0,31.5,6,0,205,Mathematics,GP
35.0,35.0,0.0,12.5,6,1,206,Mathematics,GP
40.0,40.0,0.0,20.1,10,1,207,Mathematics,GP
60.0,60.0,0.0,62.9,13,0,208,Mathematics,GP
60.0,65.0,5.0,67.3,0,0,209,Mathematics,GP
30.0,35.0,5.0,9.2,15,1,210,Mathematics,GP
40.0,50.0,10.0,31.5,12,0,211,Mathematics,GP
70.0,75.0,5.0,84.0,2,0,212,Mathematics,GP
30.0,30.0,0.0,7.2,22,1,213,Mathematics,GP
30.0,30.0,0.0,7.2,13,1,214,Mathematics,GP
35.0,35.0,0.0,12.5,3,1,215,Mathematics,GP
45.0,50.0,5.0,37.8,4,0,216,Mathematics,GP
30.0,30.0,0.0,7.2,2,1,217,Mathematics,GP
30.0,25.0,-5.0,5.2,0,1,218,Mathematics,GP
80.0,80.0,0.0,93.1,2,0,219,Mathematics,GP
60.0,65.0,5.0,67.3,0,0,220,Mathematics,GP
65.0,65.0,0.0,71.6,0,0,221,Mathematics,GP
45.0,40.0,-5.0,25.2,16,1,222,Mathematics,GP
80.0,75.0,-5.0,90.4,10,0,223,Mathematics,GP
60.0,55.00000000000001,-4.999999999999993,57.9,2,0,224,Mathematics,GP
50.0,40.0,-10.0,31.5,14,1,225,Mathematics,GP
60.0,50.0,-10.0,50.9,10,0,226,Mathematics,GP
65.0,65.0,0.0,71.6,14,0,227,Mathematics,GP
55.00000000000001,55.00000000000001,0.0,53.9,4,0,228,Mathematics,GP
55.00000000000001,45.0,-10.000000000000007,43.4,14,1,229,Mathematics,GP
70.0,65.0,-5.0,76.4,2,0,230,Mathematics,GP
45.0,35.0,-10.0,20.1,18,1,231,Mathematics,GP
55.00000000000001,45.0,-10.000000000000007,43.4,10,0,232,Mathematics,GP
70.0,65.0,-5.0,76.4,4,0,233,Mathematics,GP
65.0,60.0,-5.0,67.3,20,0,234,Mathematics,GP
65.0,55.00000000000001,-9.999999999999993,62.9,2,0,235,Mathematics,GP
35.0,35.0,0.0,12.5,0,1,236,Mathematics,GP
60.0,60.0,0.0,62.9,14,0,237,Mathematics,GP
50.0,55.00000000000001,5.000000000000007,47.9,2,0,238,Mathematics,GP
30.0,0.0,-30.0,1.1,0,1,239,Mathematics,GP
65.0,60.0,-5.0,67.3,0,0,240,Mathematics,GP
35.0,0.0,-35.0,1.9,0,1,241,Mathematics,GP
90.0,90.0,0.0,98.1,6,0,242,Mathematics,GP
60.0,60.0,0.0,62.9,4,0,243,Mathematics,GP
30.0,40.0,10.0,12.5,16,1,244,Mathematics,GP
15.0,25.0,10.0,2.6,8,1,245,Mathematics,GP
65.0,75.0,10.0,80.2,0,0,246,Mathematics,GP
30.0,40.0,10.0,12.5,0,1,247,Mathematics,GP
35.0,50.0,15.0,25.2,6,0,248,Mathematics,GP
30.0,45.0,15.0,16.0,4,1,249,Mathematics,GP
40.0,45.0,5.0,25.2,0,1,250,Mathematics,GP
40.0,60.0,20.0,43.4,0,0,251,Mathematics,GP
35.0,45.0,10.0,20.1,2,1,252,Mathematics,GP
70.0,60.0,-10.0,71.6,6,0,253,Mathematics,GP
55.00000000000001,55.00000000000001,0.0,53.9,12,0,254,Mathematics,GP
75.0,70.0,-5.0,84.0,8,0,255,Mathematics,GP
50.0,45.0,-5.0,37.8,0,1,256,Mathematics,GP
85.0,90.0,5.0,97.1,21,0,257,Mathematics,GP
40.0,40.0,0.0,20.1,2,1,258,Mathematics,GP
65.0,60.0,-5.0,67.3,1,0,259,Mathematics,GP
50.0,45.0,-5.0,37.8,4,1,260,Mathematics,GP
45.0,50.0,5.0,37.8,0,1,261,Mathematics,GP
85.0,85.0,0.0,96.1,13,0,262,Mathematics,GP
45.0,45.0,0.0,31.5,2,0,263,Mathematics,GP
60.0,50.0,-10.0,50.9,8,0,264,Mathematics,GP
50.0,45.0,-5.0,37.8,10,0,265,Mathematics,GP
30.0,0.0,-30.0,1.1,0,1,266,Mathematics,GP
45.0,45.0,0.0,31.5,15,1,267,Mathematics,GP
75.0,70.0,-5.0,84.0,4,0,268,Mathematics,GP
55.00000000000001,55.00000000000001,0.0,53.9,2,0,269,Mathematics,GP
75.0,70.0,-5.0,84.0,2,0,270,Mathematics,GP
50.0,50.0,0.0,43.4,2,0,271,Mathematics,GP
60.0,60.0,0.0,62.9,6,0,272,Mathematics,GP
50.0,45.0,-5.0,37.8,75,1,273,Mathematics,GP
45.0,45.0,0.0,31.5,22,1,274,Mathematics,GP
45.0,40.0,-5.0,25.2,15,1,275,Mathematics,GP
50.0,55.00000000000001,5.000000000000007,47.9,8,0,276,Mathematics,GP
40.0,40.0,0.0,20.1,30,1,277,Mathematics,GP
55.00000000000001,45.0,-10.000000000000007,43.4,19,0,278,Mathematics,GP
60.0,60.0,0.0,62.9,1,0,279,Mathematics,GP
40.0,45.0,5.0,25.2,4,0,280,Mathematics,GP
50.0,45.0,-5.0,37.8,4,0,281,Mathematics,GP
60.0,50.0,-10.0,50.9,2,0,282,Mathematics,GP
90.0,90.0,0.0,98.1,5,0,283,Mathematics,GP
65.0,60.0,-5.0,67.3,6,0,284,Mathematics,GP
75.0,70.0,-5.0,84.0,6,0,285,Mathematics,GP
75.0,65.0,-10.0,80.2,9,0,286,Mathematics,GP
60.0,55.00000000000001,-4.999999999999993,57.9,11,0,287,Mathematics,GP
75.0,75.0,0.0,87.2,0,0,288,Mathematics,GP
60.0,60.0,0.0,62.9,12,0,289,Mathematics,GP
90.0,90.0,0.0,98.1,6,0,290,Mathematics,GP
70.0,65.0,-5.0,76.4,8,0,291,Mathematics,GP
70.0,60.0,-10.0,71.6,4,0,292,Mathematics,GP
50.0,45.0,-5.0,37.8,0,1,293,Mathematics,GP
50.0,40.0,-10.0,31.5,10,1,294,Mathematics,GP
70.0,65.0,-5.0,76.4,0,0,295,Mathematics,GP
80.0,75.0,-5.0,90.4,5,0,296,Mathematics,GP
60.0,50.0,-10.0,50.9,14,0,297,Mathematics,GP
55.00000000000001,55.00000000000001,0.0,53.9,0,0,298,Mathematics,GP
75.0,60.0,-15.0,76.4,0,0,299,Mathematics,GP
85.0,85.0,0.0,96.1,0,0,300,Mathematics,GP
75.0,70.0,-5.0,84.0,20,0,301,Mathematics,GP
70.0,60.0,-10.0,71.6,8,0,302,Mathematics,GP
85.0,90.0,5.0,97.1,0,0,303,Mathematics,GP
40.0,45.0,5.0,25.2,38,1,304,Mathematics,GP
75.0,60.0,-15.0,76.4,0,0,305,Mathematics,GP
60.0,50.0,-10.0,50.9,18,0,306,Mathematics,GP
45.0,45.0,0.0,31.5,0,1,307,Mathematics,GP
70.0,60.0,-10.0,71.6,20,0,308,Mathematics,GP
65.0,55.00000000000001,-9.999999999999993,62.9,3,0,309,Mathematics,GP
65.0,50.0,-15.0,57.9,22,0,310,Mathematics,GP
75.0,65.0,-10.0,80.2,14,0,311,Mathematics,GP
65.0,55.00000000000001,-9.999999999999993,62.9,40,0,312,Mathematics,GP
40.0,40.0,0.0,20.1,0,1,313,Mathematics,GP
45.0,50.0,5.0,37.8,9,1,314,Mathematics,GP
55.00000000000001,55.00000000000001,0.0,53.9,0,0,315,Mathematics,GP
55.00000000000001,55.00000000000001,0.0,53.9,2,0,316,Mathematics,GP
65.0,65.0,0.0,71.6,23,0,317,Mathematics,GP
55.00000000000001,45.0,-10.000000000000007,43.4,12,1,318,Mathematics,GP
55.00000000000001,55.00000000000001,0.0,53.9,3,0,319,Mathematics,GP
60.0,70.0,10.0,71.6,1,0,320,Mathematics,GP
80.0,75.0,-5.0,90.4,0,0,321,Mathematics,GP
45.0,60.0,15.0,47.9,3,0,322,Mathematics,GP
70.0,75.0,5.0,84.0,3,0,323,Mathematics,GP
55.00000000000001,50.0,-5.000000000000007,47.9,8,0,324,Mathematics,GP
50.0,45.0,-5.0,37.8,7,1,325,Mathematics,GP
70.0,70.0,0.0,80.2,4,0,326,Mathematics,GP
45.0,40.0,-5.0,25.2,2,1,327,Mathematics,GP
60.0,70.0,10.0,71.6,7,0,328,Mathematics,GP
35.0,0.0,-35.0,1.9,0,1,329,Mathematics,GP
40.0,40.0,0.0,20.1,0,1,330,Mathematics,GP
50.0,45.0,-5.0,37.8,0,1,331,Mathematics,GP
80.0,75.0,-5.0,90.4,16,0,332,Mathematics,GP
70.0,65.0,-5.0,76.4,12,0,333,Mathematics,GP
35.0,40.0,5.0,16.0,0,1,334,Mathematics,GP
80.0,75.0,-5.0,90.4,7,0,335,Mathematics,GP
45.0,50.0,5.0,37.8,4,0,336,Mathematics,GP
55.00000000000001,60.0,4.999999999999993,57.9,4,0,337,Mathematics,GP
50.0,50.0,0.0,43.4,0,1,274,Mathematics,GP
80.0,75.0,-5.0,90.4,11,0,338,Mathematics,GP
45.0,40.0,-5.0,25.2,0,1,339,Mathematics,GP
55.00000000000001,50.0,-5.000000000000007,47.9,4,0,340,Mathematics,GP
65.0,65.0,0.0,71.6,7,0,341,Mathematics,GP
80.0,75.0,-5.0,90.4,9,0,342,Mathematics,GP
50.0,50.0,0.0,43.4,0,1,343,Mathematics,GP
65.0,75.0,10.0,80.2,0,0,344,Mathematics,GP
55.00000000000001,65.0,9.999999999999993,65.2,10,0,345,Mathematics,MS
40.0,35.0,-5.0,21.7,8,1,346,Mathematics,MS
65.0,65.0,0.0,79.3,2,0,347,Mathematics,MS
40.0,35.0,-5.0,21.7,7,1,348,Mathematics,MS
40.0,40.0,0.0,27.2,4,1,349,Mathematics,MS
65.0,55.00000000000001,-9.999999999999993,65.2,4,0,350,Mathematics,MS
50.0,45.0,-5.0,41.3,0,1,351,Mathematics,MS
60.0,65.0,5.0,71.7,4,0,352,Mathematics,MS
60.0,60.0,0.0,65.2,2,0,353,Mathematics,MS
50.0,50.0,0.0,46.7,4,0,354,Mathematics,MS
90.0,80.0,-10.0,96.7,0,0,355,Mathematics,MS
65.0,65.0,0.0,79.3,0,0,356,Mathematics,MS
65.0,60.0,-5.0,71.7,2,0,357,Mathematics,MS
55.00000000000001,55.00000000000001,0.0,54.3,0,0,358,Mathematics,MS
80.0,75.0,-5.0,94.6,0,0,359,Mathematics,MS
60.0,55.00000000000001,-4.999999999999993,58.7,0,0,360,Mathematics,MS
50.0,50.0,0.0,46.7,4,0,361,Mathematics,MS
65.0,65.0,0.0,79.3,0,0,362,Mathematics,MS
35.0,30.0,-5.0,15.2,0,1,363,Mathematics,MS
55.00000000000001,50.0,-5.000000000000007,51.1,0,0,364,Mathematics,MS
70.0,60.0,-10.0,79.3,10,0,365,Mathematics,MS
35.0,35.0,0.0,18.5,4,1,366,Mathematics,MS
70.0,60.0,-10.0,79.3,3,0,367,Mathematics,MS
65.0,55.00000000000001,-9.999999999999993,65.2,8,0,368,Mathematics,MS
30.0,25.0,-5.0,5.4,14,1,369,Mathematics,MS
95.0,90.0,-5.0,98.9,0,0,370,Mathematics,MS
40.0,40.0,0.0,27.2,2,0,371,Mathematics,MS
75.0,70.0,-5.0,87.0,4,0,372,Mathematics,MS
40.0,45.0,5.0,32.6,4,0,373,Mathematics,MS
75.0,75.0,0.0,91.3,0,0,374,Mathematics,MS
50.0,50.0,0.0,46.7,17,0,375,Mathematics,MS
75.0,70.0,-5.0,87.0,4,0,376,Mathematics,MS
35.0,30.0,-5.0,15.2,5,1,377,Mathematics,MS
55.00000000000001,55.00000000000001,0.0,54.3,2,0,378,Mathematics,MS
30.0,25.0,-5.0,5.4,0,1,379,Mathematics,MS
30.0,25.0,-5.0,5.4,14,1,380,Mathematics,MS
50.0,45.0,-5.0,41.3,2,0,381,Mathematics,MS
30.0,25.0,-5.0,5.4,7,1,382,Mathematics,MS
35.0,25.0,-10.0,12.0,0,1,383,Mathematics,MS
35.0,45.0,10.0,27.2,0,1,384,Mathematics,MS
30.0,25.0,-5.0,5.4,0,1,385,Mathematics,MS
45.0,45.0,0.0,37.0,11,1,386,Mathematics,MS
70.0,80.0,10.0,91.3,3,0,387,Mathematics,MS
50.0,40.0,-10.0,37.0,3,1,388,Mathematics,MS
55.00000000000001,60.0,4.999999999999993,58.7,0,0,389,Mathematics,MS
40.0,45.0,5.0,32.6,5,1,390,Mathematics,MS
0.0,55.00000000000001,55.00000000000001,0.1,4,0,0,Portuguese,GP
45.0,55.00000000000001,10.000000000000007,19.5,2,0,1,Portuguese,GP
60.0,65.0,5.0,59.5,6,0,2,Portuguese,GP
70.0,70.0,0.0,79.2,0,0,3,Portuguese,GP
55.00000000000001,65.0,9.999999999999993,51.7,0,0,4,Portuguese,GP
60.0,60.0,0.0,51.7,6,0,5,Portuguese,GP
65.0,60.0,-5.0,59.5,0,0,6,Portuguese,GP
50.0,65.0,15.0,42.9,2,0,7,Portuguese,GP
75.0,80.0,5.0,91.8,0,0,8,Portuguese,GP
60.0,60.0,0.0,51.7,0,0,9,Portuguese,GP
70.0,70.0,0.0,79.2,2,0,10,Portuguese,GP
50.0,60.0,10.0,32.4,0,0,11,Portuguese,GP
60.0,65.0,5.0,59.5,0,0,12,Portuguese,GP
60.0,60.0,0.0,51.7,0,0,13,Portuguese,GP
70.0,70.0,0.0,79.2,0,0,14,Portuguese,GP
85.0,85.0,0.0,96.9,6,0,15,Portuguese,GP
65.0,65.0,0.0,66.4,10,0,16,Portuguese,GP
65.0,70.0,5.0,73.0,2,0,17,Portuguese,GP
40.0,40.0,0.0,3.4,2,1,18,Portuguese,GP
60.0,60.0,0.0,51.7,6,0,19,Portuguese,GP
60.0,65.0,5.0,59.5,0,0,20,Portuguese,GP
55.00000000000001,60.0,4.999999999999993,42.9,0,0,21,Portuguese,GP
60.0,65.0,5.0,59.5,0,0,22,Portuguese,GP
50.0,50.0,0.0,19.5,2,0,23,Portuguese,GP
50.0,55.00000000000001,5.000000000000007,27.2,2,0,24,Portuguese,GP
50.0,55.00000000000001,5.000000000000007,27.2,6,0,25,Portuguese,GP
55.00000000000001,60.0,4.999999999999993,42.9,8,0,26,Portuguese,GP
55.00000000000001,55.00000000000001,0.0,35.6,0,0,27,Portuguese,GP
60.0,60.0,0.0,51.7,2,0,28,Portuguese,GP
60.0,55.00000000000001,-4.999999999999993,42.9,4,0,29,Portuguese,GP
50.0,55.00000000000001,5.000000000000007,27.2,0,0,30,Portuguese,GP
75.0,75.0,0.0,88.5,2,0,31,Portuguese,GP
65.0,70.0,5.0,73.0,0,0,32,Portuguese,GP
65.0,60.0,-5.0,59.5,0,0,33,Portuguese,GP
60.0,60.0,0.0,51.7,4,0,34,Portuguese,GP
55.00000000000001,55.00000000000001,0.0,35.6,4,0,35,Portuguese,GP
70.0,70.0,0.0,79.2,0,0,36,Portuguese,GP
65.0,65.0,0.0,66.4,4,0,37,Portuguese,GP
55.00000000000001,60.0,4.999999999999993,42.9,2,0,38,Portuguese,GP
70.0,65.0,-5.0,73.0,8,0,39,Portuguese,GP
55.00000000000001,55.00000000000001,0.0,35.6,16,0,40,Portuguese,GP
50.0,55.00000000000001,5.000000000000007,27.2,8,0,41,Portuguese,GP
70.0,75.0,5.0,84.2,0,0,42,Portuguese,GP
45.0,50.0,5.0,13.2,0,0,43,Portuguese,GP
50.0,55.00000000000001,5.000000000000007,27.2,14,0,44,Portuguese,GP
50.0,55.00000000000001,5.000000000000007,27.2,4,0,45,Portuguese,GP
65.0,60.0,-5.0,59.5,6,0,46,Portuguese,GP
85.0,85.0,0.0,96.9,2,0,47,Portuguese,GP
55.00000000000001,60.0,4.999999999999993,42.9,4,0,48,Portuguese,GP
65.0,60.0,-5.0,59.5,2,0,49,Portuguese,GP
70.0,65.0,-5.0,73.0,0,0,50,Portuguese,GP
80.0,70.0,-10.0,88.5,0,0,51,Portuguese,GP
50.0,45.0,-5.0,13.2,4,1,52,Portuguese,GP
65.0,60.0,-5.0,59.5,0,0,53,Portuguese,GP
65.0,60.0,-5.0,59.5,0,0,54,Portuguese,GP
60.0,65.0,5.0,59.5,2,0,55,Portuguese,GP
75.0,70.0,-5.0,84.2,0,0,56,Portuguese,GP
75.0,75.0,0.0,88.5,8,0,57,Portuguese,GP
70.0,65.0,-5.0,73.0,0,0,58,Portuguese,GP
80.0,75.0,-5.0,91.8,2,0,59,Portuguese,GP
85.0,80.0,-5.0,95.7,0,0,60,Portuguese,GP
50.0,50.0,0.0,19.5,0,0,61,Portuguese,GP
65.0,65.0,0.0,66.4,0,0,62,Portuguese,GP
70.0,65.0,-5.0,73.0,0,0,63,Portuguese,GP
65.0,60.0,-5.0,59.5,0,0,64,Portuguese,GP
80.0,75.0,-5.0,91.8,2,0,65,Portuguese,GP
55.00000000000001,60.0,4.999999999999993,42.9,0,0,66,Portuguese,GP
50.0,45.0,-5.0,13.2,0,0,67,Portuguese,GP
55.00000000000001,50.0,-5.000000000000007,27.2,0,0,68,Portuguese,GP
75.0,75.0,0.0,88.5,6,0,69,Portuguese,GP
65.0,55.00000000000001,-9.999999999999993,51.7,2,0,70,Portuguese,GP
55.00000000000001,45.0,-10.000000000000007,19.5,0,0,71,Portuguese,GP
65.0,55.00000000000001,-9.999999999999993,51.7,2,0,72,Portuguese,GP
65.0,65.0,0.0,66.4,0,0,73,Portuguese,GP
55.00000000000001,55.00000000000001,0.0,35.6,4,0,74,Portuguese,GP
55.00000000000001,55.00000000000001,0.0,35.6,0,0,75,Portuguese,GP
60.0,55.00000000000001,-4.999999999999993,42.9,0,0,76,Portuguese,GP
65.0,65.0,0.0,66.4,1,0,77,Portuguese,GP
45.0,45.0,0.0,8.6,0,0,78,Portuguese,GP
60.0,55.00000000000001,-4.999999999999993,42.9,14,0,79,Portuguese,GP
55.00000000000001,55.00000000000001,0.0,35.6,0,0,80,Portuguese,GP
50.0,45.0,-5.0,13.2,2,1,81,Portuguese,GP
60.0,55.00000000000001,-4.999999999999993,42.9,4,0,82,Portuguese,GP
65.0,60.0,-5.0,59.5,2,0,83,Portuguese,GP
65.0,60.0,-5.0,59.5,2,0,84,Portuguese,GP
60.0,55.00000000000001,-4.999999999999993,42.9,4,0,85,Portuguese,GP
65.0,55.00000000000001,-9.999999999999993,51.7,6,0,86,Portuguese,GP
75.0,75.0,0.0,88.5,4,0,87,Portuguese,GP
60.0,50.0,-10.0,32.4,6,0,88,Portuguese,GP
45.0,45.0,0.0,8.6,6,0,89,Portuguese,GP
45.0,55.00000000000001,10.000000000000007,19.5,2,0,90,Portuguese,GP
70.0,65.0,-5.0,73.0,6,0,91,Portuguese,GP
60.0,65.0,5.0,59.5,0,0,92,Portuguese,GP
65.0,70.0,5.0,73.0,2,0,93,Portuguese,GP
55.00000000000001,60.0,4.999999999999993,42.9,2,0,94,Portuguese,GP
65.0,65.0,0.0,66.4,4,0,95,Portuguese,GP
45.0,55.00000000000001,10.000000000000007,19.5,6,0,96,Portuguese,GP
65.0,60.0,-5.0,59.5,0,0,97,Portuguese,GP
60.0,65.0,5.0,59.5,4,0,98,Portuguese,GP
60.0,65.0,5.0,59.5,2,0,99,Portuguese,GP
45.0,45.0,0.0,8.6,12,1,100,Portuguese,GP
80.0,80.0,0.0,94.3,0,0,101,Portuguese,GP
60.0,65.0,5.0,59.5,2,0,102,Portuguese,GP
55.00000000000001,50.0,-5.000000000000007,27.2,16,0,103,Portuguese,GP
80.0,80.0,0.0,94.3,0,0,104,Portuguese,GP
50.0,50.0,0.0,19.5,10,0,105,Portuguese,GP
50.0,50.0,0.0,19.5,4,0,106,Portuguese,GP
65.0,70.0,5.0,73.0,4,0,107,Portuguese,GP
60.0,50.0,-10.0,32.4,8,0,108,Portuguese,GP
75.0,75.0,0.0,88.5,2,0,109,Portuguese,GP
65.0,70.0,5.0,73.0,4,0,110,Portuguese,GP
55.00000000000001,55.00000000000001,0.0,35.6,4,0,111,Portuguese,GP
40.0,50.0,10.0,8.6,12,0,112,Portuguese,GP
90.0,85.0,-5.0,98.3,10,0,113,Portuguese,GP
50.0,45.0,-5.0,13.2,4,0,114,Portuguese,GP
80.0,70.0,-10.0,88.5,6,0,115,Portuguese,GP
80.0,75.0,-5.0,91.8,4,0,116,Portuguese,GP
70.0,70.0,0.0,79.2,6,0,117,Portuguese,GP
60.0,55.00000000000001,-4.999999999999993,42.9,14,0,118,Portuguese,GP
70.0,65.0,-5.0,73.0,2,0,119,Portuguese,GP
70.0,70.0,0.0,79.2,0,0,120,Portuguese,GP
70.0,65.0,-5.0,73.0,6,0,121,Portuguese,GP
70.0,60.0,-10.0,66.4,2,0,122,Portuguese,GP
60.0,65.0,5.0,59.5,4,0,123,Portuguese,GP
60.0,55.00000000000001,-4.999999999999993,42.9,0,0,124,Portuguese,GP
45.0,45.0,0.0,8.6,2,1,125,Portuguese,GP
50.0,55.00000000000001,5.000000000000007,27.2,0,0,126,Portuguese,GP
45.0,50.0,5.0,13.2,0,0,127,Portuguese,GP
70.0,70.0,0.0,79.2,8,0,129,Portuguese,GP
65.0,60.0,-5.0,59.5,4,0,391,Portuguese,GP
50.0,55.00000000000001,5.000000000000007,27.2,0,0,130,Portuguese,GP
50.0,45.0,-5.0,13.2,10,1,392,Portuguese,GP
55.00000000000001,50.0,-5.000000000000007,27.2,8,0,393,Portuguese,GP
55.00000000000001,60.0,4.999999999999993,42.9,6,0,131,Portuguese,GP
65.0,60.0,-5.0,59.5,2,0,132,Portuguese,GP
75.0,65.0,-10.0,79.2,12,0,133,Portuguese,GP
45.0,45.0,0.0,8.6,4,0,394,Portuguese,GP
65.0,55.00000000000001,-9.999999999999993,51.7,12,0,395,Portuguese,GP
60.0,55.00000000000001,-4.999999999999993,42.9,2,0,134,Portuguese,GP
65.0,70.0,5.0,73.0,4,0,135,Portuguese,GP
50.0,45.0,-5.0,13.2,2,0,136,Portuguese,GP
70.0,65.0,-5.0,73.0,0,0,396,Portuguese,GP
55.00000000000001,55.00000000000001,0.0,35.6,2,0,397,Portuguese,GP
60.0,55.00000000000001,-4.999999999999993,42.9,10,0,398,Portuguese,GP
60.0,55.00000000000001,-4.999999999999993,42.9,8,0,399,Portuguese,GP
45.0,45.0,0.0,8.6,4,0,137,Portuguese,GP
50.0,50.0,0.0,19.5,0,0,138,Portuguese,GP
65.0,70.0,5.0,73.0,6,0,139,Portuguese,GP
40.0,45.0,5.0,5.6,2,1,400,Portuguese,GP
45.0,55.00000000000001,10.000000000000007,19.5,6,0,140,Portuguese,GP
45.0,40.0,-5.0,5.6,24,1,401,Portuguese,GP
75.0,65.0,-10.0,79.2,0,0,240,Portuguese,GP
60.0,55.00000000000001,-4.999999999999993,42.9,4,0,141,Portuguese,GP
65.0,65.0,0.0,66.4,2,0,142,Portuguese,GP
50.0,55.00000000000001,5.000000000000007,27.2,4,0,143,Portuguese,GP
45.0,35.0,-10.0,3.4,22,1,78,Portuguese,GP
60.0,60.0,0.0,51.7,0,0,144,Portuguese,GP
55.00000000000001,50.0,-5.000000000000007,27.2,0,0,402,Portuguese,GP
55.00000000000001,55.00000000000001,0.0,35.6,2,0,145,Portuguese,GP
65.0,60.0,-5.0,59.5,6,0,146,Portuguese,GP
55.00000000000001,55.00000000000001,0.0,35.6,6,0,403,Portuguese,GP
45.0,45.0,0.0,8.6,16,1,115,Portuguese,GP
60.0,55.00000000000001,-4.999999999999993,42.9,0,0,147,Portuguese,GP
55.00000000000001,45.0,-10.000000000000007,19.5,0,1,148,Portuguese,GP
45.0,50.0,5.0,13.2,6,0,149,Portuguese,GP
65.0,65.0,0.0,66.4,2,0,150,Portuguese,GP
55.00000000000001,45.0,-10.000000000000007,19.5,6,0,151,Portuguese,GP
65.0,65.0,0.0,66.4,0,0,152,Portuguese,GP
35.0,40.0,5.0,1.7,0,1,153,Portuguese,GP
45.0,40.0,-5.0,5.6,14,0,154,Portuguese,GP
55.00000000000001,50.0,-5.000000000000007,27.2,6,0,155,Portuguese,GP
60.0,50.0,-10.0,32.4,4,0,156,Portuguese,GP
50.0,50.0,0.0,19.5,0,1,157,Portuguese,GP
45.0,40.0,-5.0,5.6,0,0,404,Portuguese,GP
40.0,40.0,0.0,3.4,8,1,158,Portuguese,GP
35.0,30.0,-5.0,0.4,4,1,405,Portuguese,GP
40.0,45.0,5.0,5.6,2,0,406,Portuguese,GP
45.0,40.0,-5.0,5.6,2,1,407,Portuguese,GP
40.0,40.0,0.0,3.4,0,1,162,Portuguese,GP
40.0,35.0,-5.0,1.7,10,1,408,Portuguese,GP
45.0,50.0,5.0,13.2,0,0,164,Portuguese,GP
85.0,85.0,0.0,96.9,0,0,165,Portuguese,GP
60.0,60.0,0.0,51.7,0,0,166,Portuguese,GP
80.0,80.0,0.0,94.3,0,0,167,Portuguese,GP
45.0,45.0,0.0,8.6,4,0,168,Portuguese,GP
80.0,85.0,5.0,95.7,0,0,169,Portuguese,GP
55.00000000000001,45.0,-10.000000000000007,19.5,0,0,170,Portuguese,GP
70.0,65.0,-5.0,73.0,0,0,171,Portuguese,GP
70.0,70.0,0.0,79.2,0,0,172,Portuguese,GP
50.0,55.00000000000001,5.000000000000007,27.2,0,0,173,Portuguese,GP
65.0,60.0,-5.0,59.5,0,0,174,Portuguese,GP
55.00000000000001,45.0,-10.000000000000007,19.5,4,0,175,Portuguese,GP
50.0,45.0,-5.0,13.2,8,0,176,Portuguese,GP
55.00000000000001,55.00000000000001,0.0,35.6,4,0,177,Portuguese,GP
55.00000000000001,50.0,-5.000000000000007,27.2,4,0,178,Portuguese,GP
55.00000000000001,60.0,4.999999999999993,42.9,0,0,107,Portuguese,GP
85.0,90.0,5.0,98.3,0,0,179,Portuguese,GP
70.0,65.0,-5.0,73.0,32,0,180,Portuguese,GP
70.0,75.0,5.0,84.2,8,0,181,Portuguese,GP
55.00000000000001,65.0,9.999999999999993,51.7,6,0,182,Portuguese,GP
50.0,45.0,-5.0,13.2,0,0,183,Portuguese,GP
65.0,70.0,5.0,73.0,0,0,184,Portuguese,GP
60.0,65.0,5.0,59.5,10,0,185,Portuguese,GP
45.0,45.0,0.0,8.6,6,0,186,Portuguese,GP
60.0,60.0,0.0,51.7,6,0,187,Portuguese,GP
60.0,55.00000000000001,-4.999999999999993,42.9,0,0,188,Portuguese,GP
50.0,55.00000000000001,5.000000000000007,27.2,16,0,189,Portuguese,GP
55.00000000000001,50.0,-5.000000000000007,27.2,0,0,190,Portuguese,GP
65.0,60.0,-5.0,59.5,0,0,191,Portuguese,GP
70.0,75.0,5.0,84.2,8,0,192,Portuguese,GP
65.0,65.0,0.0,66.4,4,0,193,Portuguese,GP
50.0,55.00000000000001,5.000000000000007,27.2,16,0,194,Portuguese,GP
70.0,75.0,5.0,84.2,30,0,195,Portuguese,GP
55.00000000000001,50.0,-5.000000000000007,27.2,0,0,196,Portuguese,GP
70.0,70.0,0.0,79.2,2,0,197,Portuguese,GP
55.00000000000001,60.0,4.999999999999993,42.9,4,0,198,Portuguese,GP
70.0,75.0,5.0,84.2,0,0,199,Portuguese,GP
65.0,65.0,0.0,66.4,21,0,200,Portuguese,GP
65.0,65.0,0.0,66.4,6,0,201,Portuguese,GP
40.0,45.0,5.0,5.6,14,1,202,Portuguese,GP
55.00000000000001,55.00000000000001,0.0,35.6,2,0,203,Portuguese,GP
70.0,75.0,5.0,84.2,4,0,204,Portuguese,GP
60.0,65.0,5.0,59.5,2,0,205,Portuguese,GP
55.00000000000001,60.0,4.999999999999993,42.9,0,0,206,Portuguese,GP
60.0,60.0,0.0,51.7,4,0,207,Portuguese,GP
65.0,60.0,-5.0,59.5,15,0,208,Portuguese,GP
65.0,65.0,0.0,66.4,0,0,209,Portuguese,GP
60.0,55.00000000000001,-4.999999999999993,42.9,10,0,210,Portuguese,GP
60.0,55.00000000000001,-4.999999999999993,42.9,6,0,211,Portuguese,GP
70.0,80.0,10.0,88.5,2,0,212,Portuguese,GP
55.00000000000001,45.0,-10.000000000000007,19.5,16,0,213,Portuguese,GP
50.0,50.0,0.0,19.5,10,0,214,Portuguese,GP
60.0,65.0,5.0,59.5,4,0,215,Portuguese,GP
60.0,60.0,0.0,51.7,0,0,216,Portuguese,GP
55.00000000000001,50.0,-5.000000000000007,27.2,0,0,217,Portuguese,GP
60.0,60.0,0.0,51.7,12,0,218,Portuguese,GP
65.0,65.0,0.0,66.4,0,0,219,Portuguese,GP
50.0,45.0,-5.0,13.2,9,0,220,Portuguese,GP
75.0,80.0,5.0,91.8,4,0,221,Portuguese,GP
40.0,40.0,0.0,3.4,4,1,222,Portuguese,GP
85.0,90.0,5.0,98.3,2,0,223,Portuguese,GP
50.0,55.00000000000001,5.000000000000007,27.2,0,0,224,Portuguese,GP
45.0,50.0,5.0,13.2,2,0,225,Portuguese,GP
75.0,75.0,0.0,88.5,0,0,226,Portuguese,GP
70.0,60.0,-10.0,66.4,0,0,227,Portuguese,GP
60.0,65.0,5.0,59.5,0,0,228,Portuguese,GP
65.0,65.0,0.0,66.4,0,0,229,Portuguese,GP
65.0,65.0,0.0,66.4,0,0,230,Portuguese,GP
45.0,45.0,0.0,8.6,2,1,231,Portuguese,GP
60.0,60.0,0.0,51.7,0,0,232,Portuguese,GP
80.0,80.0,0.0,94.3,0,0,233,Portuguese,GP
45.0,50.0,5.0,13.2,4,0,234,Portuguese,GP
70.0,65.0,-5.0,73.0,0,0,409,Portuguese,GP
50.0,50.0,0.0,19.5,18,0,410,Portuguese,GP
45.0,40.0,-5.0,5.6,16,0,411,Portuguese,GP
40.0,35.0,-5.0,1.7,14,1,412,Portuguese,GP
35.0,40.0,5.0,1.7,26,1,413,Portuguese,GP
50.0,40.0,-10.0,8.6,6,1,414,Portuguese,GP
70.0,70.0,0.0,79.2,4,0,415,Portuguese,GP
55.00000000000001,50.0,-5.000000000000007,27.2,10,0,416,Portuguese,GP
60.0,55.00000000000001,-4.999999999999993,42.9,4,0,417,Portuguese,GP
65.0,65.0,0.0,66.4,2,0,235,Portuguese,GP
45.0,45.0,0.0,8.6,14,1,418,Portuguese,GP
40.0,35.0,-5.0,1.7,16,1,236,Portuguese,GP
55.00000000000001,45.0,-10.000000000000007,19.5,8,0,419,Portuguese,GP
75.0,70.0,-5.0,84.2,4,0,420,Portuguese,GP
75.0,70.0,-5.0,84.2,4,0,421,Portuguese,GP
75.0,75.0,0.0,88.5,8,0,237,Portuguese,GP
60.0,60.0,0.0,51.7,0,0,238,Portuguese,GP
70.0,70.0,0.0,79.2,7,0,239,Portuguese,GP
70.0,75.0,5.0,84.2,4,0,240,Portuguese,GP
55.00000000000001,55.00000000000001,0.0,35.6,2,0,325,Portuguese,GP
65.0,70.0,5.0,73.0,2,0,422,Portuguese,GP
55.00000000000001,55.00000000000001,0.0,35.6,10,0,423,Portuguese,GP
50.0,45.0,-5.0,13.2,10,0,424,Portuguese,GP
60.0,50.0,-10.0,32.4,10,0,241,Portuguese,GP
75.0,80.0,5.0,91.8,7,0,242,Portuguese,GP
55.00000000000001,50.0,-5.000000000000007,27.2,4,0,425,Portuguese,GP
45.0,60.0,15.0,27.2,2,0,243,Portuguese,GP
35.0,40.0,5.0,1.7,12,1,244,Portuguese,GP
50.0,45.0,-5.0,13.2,8,0,245,Portuguese,GP
55.00000000000001,60.0,4.999999999999993,42.9,0,0,246,Portuguese,GP
35.0,40.0,5.0,1.7,8,1,247,Portuguese,GP
45.0,55.00000000000001,10.000000000000007,19.5,4,0,248,Portuguese,GP
35.0,40.0,5.0,1.7,4,1,249,Portuguese,GP
70.0,65.0,-5.0,73.0,2,0,250,Portuguese,GP
60.0,60.0,0.0,51.7,0,0,251,Portuguese,GP
45.0,50.0,5.0,13.2,0,0,252,Portuguese,GP
60.0,60.0,0.0,51.7,2,0,426,Portuguese,GP
70.0,75.0,5.0,84.2,2,0,253,Portuguese,GP
50.0,50.0,0.0,19.5,0,0,427,Portuguese,GP
55.00000000000001,50.0,-5.000000000000007,27.2,4,0,428,Portuguese,GP
55.00000000000001,60.0,4.999999999999993,42.9,2,0,429,Portuguese,GP
55.00000000000001,60.0,4.999999999999993,42.9,4,0,430,Portuguese,GP
55.00000000000001,55.00000000000001,0.0,35.6,4,0,431,Portuguese,GP
55.00000000000001,65.0,9.999999999999993,51.7,4,0,254,Portuguese,GP
80.0,80.0,0.0,94.3,2,0,255,Portuguese,GP
45.0,50.0,5.0,13.2,0,0,432,Portuguese,GP
50.0,55.00000000000001,5.000000000000007,27.2,2,0,256,Portuguese,GP
50.0,60.0,10.0,32.4,8,0,433,Portuguese,GP
75.0,75.0,0.0,88.5,2,0,257,Portuguese,GP
50.0,50.0,0.0,19.5,2,0,258,Portuguese,GP
50.0,55.00000000000001,5.000000000000007,27.2,2,0,259,Portuguese,GP
75.0,60.0,-15.0,73.0,2,0,260,Portuguese,GP
55.00000000000001,60.0,4.999999999999993,42.9,0,0,261,Portuguese,GP
40.0,40.0,0.0,3.4,8,1,434,Portuguese,GP
75.0,80.0,5.0,91.8,6,0,262,Portuguese,GP
55.00000000000001,55.00000000000001,0.0,35.6,0,0,263,Portuguese,GP
50.0,55.00000000000001,5.000000000000007,27.2,8,0,264,Portuguese,GP
50.0,60.0,10.0,32.4,4,0,265,Portuguese,GP
40.0,45.0,5.0,5.6,12,0,266,Portuguese,GP
55.00000000000001,60.0,4.999999999999993,42.9,16,0,267,Portuguese,GP
80.0,80.0,0.0,94.3,10,0,268,Portuguese,GP
65.0,65.0,0.0,66.4,2,0,269,Portuguese,GP
80.0,85.0,5.0,95.7,2,0,270,Portuguese,GP
70.0,70.0,0.0,79.2,8,0,435,Portuguese,GP
75.0,80.0,5.0,91.8,6,0,271,Portuguese,GP
60.0,60.0,0.0,51.7,6,0,272,Portuguese,GP
60.0,45.0,-15.0,27.2,15,0,273,Portuguese,GP
55.00000000000001,60.0,4.999999999999993,42.9,6,0,274,Portuguese,GP
70.0,60.0,-10.0,66.4,2,0,275,Portuguese,GP
65.0,75.0,10.0,79.2,8,0,436,Portuguese,GP
45.0,40.0,-5.0,5.6,0,0,437,Portuguese,GP
50.0,50.0,0.0,19.5,0,0,276,Portuguese,GP
50.0,50.0,0.0,19.5,10,0,438,Portuguese,GP
55.00000000000001,55.00000000000001,0.0,35.6,22,0,277,Portuguese,GP
65.0,65.0,0.0,66.4,18,0,278,Portuguese,GP
85.0,85.0,0.0,96.9,2,0,279,Portuguese,GP
60.0,65.0,5.0,59.5,0,0,280,Portuguese,GP
60.0,60.0,0.0,51.7,12,0,281,Portuguese,GP
60.0,65.0,5.0,59.5,10,0,439,Portuguese,GP
60.0,60.0,0.0,51.7,0,0,282,Portuguese,GP
90.0,90.0,0.0,99.4,0,0,283,Portuguese,GP
65.0,65.0,0.0,66.4,0,0,284,Portuguese,GP
70.0,75.0,5.0,84.2,0,0,285,Portuguese,GP
85.0,85.0,0.0,96.9,0,0,286,Portuguese,GP
75.0,80.0,5.0,91.8,2,0,287,Portuguese,GP
85.0,90.0,5.0,98.3,0,0,288,Portuguese,GP
90.0,95.0,5.0,99.9,0,0,290,Portuguese,GP
70.0,75.0,5.0,84.2,0,0,291,Portuguese,GP
70.0,75.0,5.0,84.2,0,0,292,Portuguese,GP
70.0,65.0,-5.0,73.0,2,0,293,Portuguese,GP
65.0,70.0,5.0,73.0,0,0,294,Portuguese,GP
80.0,85.0,5.0,95.7,0,0,295,Portuguese,GP
90.0,90.0,0.0,99.4,0,0,296,Portuguese,GP
70.0,75.0,5.0,84.2,0,0,297,Portuguese,GP
60.0,65.0,5.0,59.5,0,0,298,Portuguese,GP
35.0,35.0,0.0,0.6,0,1,440,Portuguese,GP
80.0,80.0,0.0,94.3,0,0,299,Portuguese,GP
90.0,90.0,0.0,99.4,0,0,300,Portuguese,GP
45.0,50.0,5.0,13.2,0,0,441,Portuguese,GP
70.0,75.0,5.0,84.2,0,0,303,Portuguese,GP
50.0,50.0,0.0,19.5,0,0,305,Portuguese,GP
50.0,50.0,0.0,19.5,2,0,442,Portuguese,GP
60.0,60.0,0.0,51.7,2,0,313,Portuguese,GP
55.00000000000001,60.0,4.999999999999993,42.9,2,0,443,Portuguese,GP
75.0,80.0,5.0,91.8,2,0,444,Portuguese,GP
70.0,75.0,5.0,84.2,2,0,314,Portuguese,GP
60.0,60.0,0.0,51.7,8,0,445,Portuguese,GP
75.0,75.0,0.0,88.5,2,0,315,Portuguese,GP
55.00000000000001,60.0,4.999999999999993,42.9,8,0,446,Portuguese,GP
55.00000000000001,50.0,-5.000000000000007,27.2,9,0,447,Portuguese,GP
60.0,55.00000000000001,-4.999999999999993,42.9,0,0,316,Portuguese,GP
55.00000000000001,60.0,4.999999999999993,42.9,4,0,448,Portuguese,GP
70.0,75.0,5.0,84.2,2,0,449,Portuguese,GP
75.0,70.0,-5.0,84.2,14,0,317,Portuguese,GP
60.0,60.0,0.0,51.7,0,0,450,Portuguese,GP
55.00000000000001,60.0,4.999999999999993,42.9,2,0,451,Portuguese,GP
40.0,45.0,5.0,5.6,2,0,452,Portuguese,GP
50.0,50.0,0.0,19.5,12,0,453,Portuguese,GP
40.0,40.0,0.0,3.4,2,1,454,Portuguese,GP
50.0,50.0,0.0,19.5,2,0,455,Portuguese,GP
70.0,65.0,-5.0,73.0,4,0,318,Portuguese,GP
55.00000000000001,55.00000000000001,0.0,35.6,0,0,319,Portuguese,GP
85.0,90.0,5.0,98.3,0,0,320,Portuguese,GP
70.0,70.0,0.0,79.2,0,0,321,Portuguese,GP
70.0,70.0,0.0,79.2,0,0,280,Portuguese,GP
65.0,70.0,5.0,73.0,0,0,322,Portuguese,GP
85.0,90.0,5.0,98.3,0,0,323,Portuguese,GP
55.00000000000001,50.0,-5.000000000000007,27.2,2,0,324,Portuguese,GP
65.0,60.0,-5.0,59.5,0,0,325,Portuguese,GP
75.0,70.0,-5.0,84.2,4,0,326,Portuguese,GP
55.00000000000001,60.0,4.999999999999993,42.9,2,0,456,Portuguese,GP
55.00000000000001,55.00000000000001,0.0,35.6,0,0,327,Portuguese,GP
55.00000000000001,50.0,-5.000000000000007,27.2,0,0,457,Portuguese,GP
50.0,45.0,-5.0,13.2,2,0,458,Portuguese,GP
75.0,75.0,0.0,88.5,0,0,328,Portuguese,GP
75.0,70.0,-5.0,84.2,6,0,459,Portuguese,GP
50.0,55.00000000000001,5.000000000000007,27.2,8,0,329,Portuguese,GP
50.0,45.0,-5.0,13.2,0,0,330,Portuguese,GP
70.0,65.0,-5.0,73.0,6,0,331,Portuguese,GP
55.00000000000001,65.0,9.999999999999993,51.7,8,0,332,Portuguese,GP
60.0,65.0,5.0,59.5,0,0,334,Portuguese,GP
70.0,70.0,0.0,79.2,4,0,335,Portuguese,GP
70.0,70.0,0.0,79.2,0,0,336,Portuguese,GP
60.0,60.0,0.0,51.7,0,0,274,Portuguese,GP
80.0,80.0,0.0,94.3,6,0,338,Portuguese,GP
50.0,60.0,10.0,32.4,18,0,339,Portuguese,GP
55.00000000000001,60.0,4.999999999999993,42.9,0,0,340,Portuguese,GP
70.0,80.0,10.0,88.5,4,0,341,Portuguese,GP
75.0,70.0,-5.0,84.2,4,0,342,Portuguese,GP
70.0,65.0,-5.0,73.0,0,0,343,Portuguese,GP
55.00000000000001,60.0,4.999999999999993,42.9,0,0,344,Portuguese,GP
60.0,75.0,15.0,73.0,10,0,460,Portuguese,GP
60.0,80.0,20.0,79.2,4,0,461,Portuguese,GP
50.0,55.00000000000001,5.000000000000007,27.2,16,0,462,Portuguese,GP
50.0,65.0,15.0,42.9,6,0,463,Portuguese,GP
45.0,60.0,15.0,27.2,0,0,464,Portuguese,GP
45.0,55.00000000000001,10.000000000000007,19.5,11,0,465,Portuguese,GP
65.0,70.0,5.0,73.0,9,0,466,Portuguese,GP
65.0,85.0,20.0,88.5,0,0,467,Portuguese,GP
60.0,75.0,15.0,73.0,2,0,468,Portuguese,GP
70.0,85.0,15.0,91.8,0,0,469,Portuguese,GP
45.0,50.0,5.0,13.2,21,0,470,Portuguese,GP
55.00000000000001,75.0,19.999999999999993,66.4,8,0,471,Portuguese,GP
45.0,50.0,5.0,13.2,5,0,472,Portuguese,GP
80.0,90.0,10.0,96.9,10,0,473,Portuguese,GP
70.0,85.0,15.0,91.8,5,0,474,Portuguese,GP
65.0,70.0,5.0,73.0,13,0,475,Portuguese,GP
35.0,55.00000000000001,20.000000000000007,8.6,10,0,476,Portuguese,GP
70.0,85.0,15.0,91.8,10,0,477,Portuguese,GP
40.0,50.0,10.0,8.6,5,0,478,Portuguese,GP
50.0,65.0,15.0,42.9,4,0,479,Portuguese,GP
50.0,55.00000000000001,5.000000000000007,57.7,11,0,480,Portuguese,MS
60.0,60.0,0.0,71.9,0,0,481,Portuguese,MS
50.0,50.0,0.0,49.1,6,0,482,Portuguese,MS
50.0,50.0,0.0,49.1,4,0,483,Portuguese,MS
80.0,85.0,5.0,96.2,0,0,484,Portuguese,MS
30.0,40.0,10.0,10.4,0,1,485,Portuguese,MS
50.0,55.00000000000001,5.000000000000007,57.7,5,0,486,Portuguese,MS
50.0,55.00000000000001,5.000000000000007,57.7,0,0,487,Portuguese,MS
50.0,50.0,0.0,49.1,0,0,488,Portuguese,MS
30.0,30.0,0.0,4.6,0,1,489,Portuguese,MS
65.0,70.0,5.0,83.2,0,0,490,Portuguese,MS
50.0,45.0,-5.0,40.7,4,0,491,Portuguese,MS
50.0,50.0,0.0,49.1,0,0,492,Portuguese,MS
30.0,35.0,5.0,6.6,4,1,493,Portuguese,MS
60.0,55.00000000000001,-4.999999999999993,69.0,0,0,494,Portuguese,MS
50.0,55.00000000000001,5.000000000000007,57.7,2,0,495,Portuguese,MS
70.0,80.0,10.0,91.6,0,0,496,Portuguese,MS
35.0,0.0,-35.0,1.8,0,1,497,Portuguese,MS
40.0,45.0,5.0,25.7,4,1,498,Portuguese,MS
60.0,65.0,5.0,76.3,0,0,499,Portuguese,MS
35.0,45.0,10.0,19.5,7,1,499,Portuguese,MS
45.0,50.0,5.0,40.7,4,0,500,Portuguese,MS
35.0,45.0,10.0,19.5,8,1,501,Portuguese,MS
55.00000000000001,55.00000000000001,0.0,65.3,0,0,502,Portuguese,MS
40.0,50.0,10.0,32.3,8,1,503,Portuguese,MS
80.0,80.0,0.0,94.7,6,0,504,Portuguese,MS
55.00000000000001,65.0,9.999999999999993,71.9,3,0,505,Portuguese,MS
75.0,75.0,0.0,91.6,2,0,506,Portuguese,MS
50.0,55.00000000000001,5.000000000000007,57.7,0,0,507,Portuguese,MS
45.0,50.0,5.0,40.7,4,0,481,Portuguese,MS
50.0,40.0,-10.0,32.3,0,1,508,Portuguese,MS
45.0,40.0,-5.0,25.7,3,1,508,Portuguese,MS
45.0,50.0,5.0,40.7,0,1,509,Portuguese,MS
65.0,70.0,5.0,83.2,0,0,510,Portuguese,MS
50.0,55.00000000000001,5.000000000000007,57.7,4,0,511,Portuguese,MS
65.0,50.0,-15.0,69.0,0,0,512,Portuguese,MS
50.0,45.0,-5.0,40.7,2,0,513,Portuguese,MS
55.00000000000001,50.0,-5.000000000000007,57.7,1,0,514,Portuguese,MS
65.0,60.0,-5.0,76.3,0,0,515,Portuguese,MS
65.0,70.0,5.0,83.2,0,0,516,Portuguese,MS
70.0,55.00000000000001,-14.999999999999993,76.3,2,0,517,Portuguese,MS
55.00000000000001,55.00000000000001,0.0,65.3,6,0,518,Portuguese,MS
45.0,40.0,-5.0,25.7,9,1,519,Portuguese,MS
50.0,45.0,-5.0,40.7,0,0,520,Portuguese,MS
70.0,65.0,-5.0,83.2,1,0,521,Portuguese,MS
65.0,60.0,-5.0,76.3,1,0,522,Portuguese,MS
65.0,60.0,-5.0,76.3,0,0,523,Portuguese,MS
65.0,60.0,-5.0,76.3,4,0,524,Portuguese,MS
60.0,55.00000000000001,-4.999999999999993,69.0,2,0,525,Portuguese,MS
70.0,70.0,0.0,87.2,0,0,526,Portuguese,MS
50.0,40.0,-10.0,32.3,4,0,527,Portuguese,MS
50.0,55.00000000000001,5.000000000000007,57.7,2,0,528,Portuguese,MS
60.0,65.0,5.0,76.3,0,0,529,Portuguese,MS
50.0,40.0,-10.0,32.3,2,1,530,Portuguese,MS
60.0,50.0,-10.0,63.1,11,0,531,Portuguese,MS
35.0,35.0,0.0,10.4,0,1,532,Portuguese,MS
45.0,45.0,0.0,32.3,4,0,533,Portuguese,MS
45.0,45.0,0.0,32.3,0,0,534,Portuguese,MS
45.0,50.0,5.0,40.7,2,0,535,Portuguese,MS
45.0,50.0,5.0,40.7,0,1,536,Portuguese,MS
45.0,50.0,5.0,40.7,1,0,481,Portuguese,MS
35.0,35.0,0.0,10.4,6,1,537,Portuguese,MS
55.00000000000001,50.0,-5.000000000000007,57.7,0,0,538,Portuguese,MS
45.0,50.0,5.0,40.7,1,0,539,Portuguese,MS
35.0,45.0,10.0,19.5,6,0,540,Portuguese,MS
35.0,45.0,10.0,19.5,6,1,541,Portuguese,MS
40.0,45.0,5.0,25.7,0,0,542,Portuguese,MS
45.0,55.00000000000001,10.000000000000007,49.1,4,0,543,Portuguese,MS
35.0,40.0,5.0,14.6,12,1,544,Portuguese,MS
40.0,50.0,10.0,32.3,2,0,545,Portuguese,MS
45.0,45.0,0.0,32.3,5,0,546,Portuguese,MS
40.0,45.0,5.0,25.7,0,1,547,Portuguese,MS
70.0,65.0,-5.0,83.2,0,0,548,Portuguese,MS
70.0,70.0,0.0,87.2,2,0,549,Portuguese,MS
50.0,55.00000000000001,5.000000000000007,57.7,0,0,550,Portuguese,MS
70.0,65.0,-5.0,83.2,0,0,551,Portuguese,MS
85.0,80.0,-5.0,96.2,0,0,552,Portuguese,MS
30.0,35.0,5.0,6.6,12,1,553,Portuguese,MS
70.0,60.0,-10.0,80.1,8,0,554,Portuguese,MS
50.0,40.0,-10.0,32.3,2,1,555,Portuguese,MS
70.0,70.0,0.0,87.2,0,0,556,Portuguese,MS
60.0,65.0,5.0,76.3,0,0,557,Portuguese,MS
55.00000000000001,55.00000000000001,0.0,65.3,0,0,558,Portuguese,MS
55.00000000000001,45.0,-10.000000000000007,49.1,8,0,559,Portuguese,MS
55.00000000000001,55.00000000000001,0.0,65.3,0,0,560,Portuguese,MS
50.0,45.0,-5.0,40.7,0,1,561,Portuguese,MS
80.0,85.0,5.0,96.2,0,0,562,Portuguese,MS
75.0,85.0,10.0,94.7,0,0,563,Portuguese,MS
55.00000000000001,45.0,-10.000000000000007,49.1,1,0,564,Portuguese,MS
35.0,35.0,0.0,10.4,9,1,565,Portuguese,MS
40.0,30.0,-10.0,10.4,0,1,566,Portuguese,MS
35.0,30.0,-5.0,6.6,2,1,567,Portuguese,MS
45.0,40.0,-5.0,25.7,8,0,568,Portuguese,MS
70.0,80.0,10.0,91.6,0,0,569,Portuguese,MS
70.0,70.0,0.0,87.2,0,0,570,Portuguese,MS
40.0,25.0,-15.0,6.6,8,1,571,Portuguese,MS
40.0,35.0,-5.0,14.6,0,1,572,Portuguese,MS
30.0,40.0,10.0,10.4,6,1,573,Portuguese,MS
40.0,50.0,10.0,32.3,0,0,574,Portuguese,MS
40.0,40.0,0.0,19.5,4,1,575,Portuguese,MS
25.0,30.0,5.0,3.8,2,1,576,Portuguese,MS
35.0,45.0,10.0,19.5,2,1,577,Portuguese,MS
75.0,70.0,-5.0,89.6,0,0,578,Portuguese,MS
65.0,70.0,5.0,83.2,1,0,579,Portuguese,MS
50.0,45.0,-5.0,40.7,0,0,580,Portuguese,MS
45.0,45.0,0.0,32.3,5,1,581,Portuguese,MS
55.00000000000001,55.00000000000001,0.0,65.3,1,0,582,Portuguese,MS
35.0,50.0,15.0,25.7,8,1,583,Portuguese,MS
50.0,50.0,0.0,49.1,0,0,584,Portuguese,MS
45.0,35.0,-10.0,19.5,2,1,585,Portuguese,MS
70.0,75.0,5.0,89.6,0,0,586,Portuguese,MS
55.00000000000001,60.0,4.999999999999993,69.0,0,0,587,Portuguese,MS
45.0,55.00000000000001,10.000000000000007,49.1,11,0,588,Portuguese,MS
65.0,70.0,5.0,83.2,8,0,589,Portuguese,MS
60.0,65.0,5.0,76.3,11,0,590,Portuguese,MS
55.00000000000001,55.00000000000001,0.0,65.3,2,0,591,Portuguese,MS
45.0,50.0,5.0,40.7,8,0,592,Portuguese,MS
45.0,55.00000000000001,10.000000000000007,49.1,5,0,593,Portuguese,MS
55.00000000000001,45.0,-10.000000000000007,49.1,0,0,594,Portuguese,MS
50.0,55.00000000000001,5.000000000000007,57.7,1,0,595,Portuguese,MS
45.0,45.0,0.0,32.3,2,1,596,Portuguese,MS
60.0,55.00000000000001,-4.999999999999993,69.0,2,0,597,Portuguese,MS
40.0,45.0,5.0,25.7,8,1,598,Portuguese,MS
65.0,75.0,10.0,87.2,0,0,599,Portuguese,MS
50.0,55.00000000000001,5.000000000000007,57.7,0,0,600,Portuguese,MS
55.00000000000001,50.0,-5.000000000000007,57.7,2,0,601,Portuguese,MS
85.0,90.0,5.0,98.0,0,0,602,Portuguese,MS
60.0,65.0,5.0,76.3,0,0,603,Portuguese,MS
65.0,70.0,5.0,83.2,0,0,604,Portuguese,MS
45.0,45.0,0.0,32.3,2,0,605,Portuguese,MS
55.00000000000001,55.00000000000001,0.0,65.3,4,0,606,Portuguese,MS
50.0,55.00000000000001,5.000000000000007,57.7,3,0,607,Portuguese,MS
65.0,70.0,5.0,83.2,5,0,608,Portuguese,MS
45.0,50.0,5.0,40.7,4,0,609,Portuguese,MS
35.0,45.0,10.0,19.5,2,0,610,Portuguese,MS
40.0,65.0,25.0,57.7,0,0,611,Portuguese,MS
60.0,60.0,0.0,71.9,0,0,612,Portuguese,MS
50.0,45.0,-5.0,40.7,0,0,613,Portuguese,MS
50.0,45.0,-5.0,40.7,6,0,614,Portuguese,MS
55.00000000000001,65.0,9.999999999999993,71.9,0,0,615,Portuguese,MS
35.0,0.0,-35.0,1.8,0,1,616,Portuguese,MS
55.00000000000001,45.0,-10.000000000000007,49.1,2,0,617,Portuguese,MS
50.0,50.0,0.0,49.1,0,1,618,Portuguese,MS
45.0,35.0,-10.0,19.5,2,1,619,Portuguese,MS
20.0,0.0,-20.0,0.2,0,1,620,Portuguese,MS
30.0,55.00000000000001,25.000000000000007,25.7,4,1,621,Portuguese,MS
20.0,40.0,20.0,4.6,9,1,622,Portuguese,MS
35.0,40.0,5.0,14.6,6,1,623,Portuguese,MS
40.0,45.0,5.0,25.7,4,1,624,Portuguese,MS
25.0,25.0,0.0,3.3,8,1,625,Portuguese,MS
35.0,45.0,10.0,19.5,9,0,626,Portuguese,MS
40.0,55.00000000000001,15.000000000000007,40.7,12,0,627,Portuguese,MS
50.0,55.00000000000001,5.000000000000007,57.7,8,0,628,Portuguese,MS
45.0,50.0,5.0,40.7,8,0,345,Portuguese,MS
50.0,45.0,-5.0,40.7,8,0,346,Portuguese,MS
40.0,45.0,5.0,25.7,4,0,347,Portuguese,MS
45.0,50.0,5.0,40.7,0,1,348,Portuguese,MS
40.0,45.0,5.0,25.7,4,0,349,Portuguese,MS
30.0,40.0,10.0,10.4,2,1,629,Portuguese,MS
30.0,40.0,10.0,10.4,0,1,630,Portuguese,MS
40.0,30.0,-10.0,10.4,0,1,631,Portuguese,MS
50.0,55.00000000000001,5.000000000000007,57.7,0,0,632,Portuguese,MS
40.0,35.0,-5.0,14.6,5,1,633,Portuguese,MS
40.0,40.0,0.0,19.5,0,1,634,Portuguese,MS
35.0,30.0,-5.0,6.6,3,1,635,Portuguese,MS
40.0,50.0,10.0,32.3,0,1,636,Portuguese,MS
35.0,50.0,15.0,25.7,0,0,637,Portuguese,MS
35.0,40.0,5.0,14.6,3,1,385,Portuguese,MS
60.0,65.0,5.0,76.3,2,0,638,Portuguese,MS
55.00000000000001,60.0,4.999999999999993,69.0,0,0,639,Portuguese,MS
60.0,65.0,5.0,76.3,0,0,640,Portuguese,MS
90.0,90.0,0.0,99.3,0,0,641,Portuguese,MS
85.0,85.0,0.0,97.1,3,0,642,Portuguese,MS
85.0,90.0,5.0,98.0,0,0,643,Portuguese,MS
45.0,0.0,-45.0,2.9,0,1,644,Portuguese,MS
50.0,55.00000000000001,5.000000000000007,57.7,8,0,645,Portuguese,MS
60.0,65.0,5.0,76.3,5,0,646,Portuguese,MS
60.0,65.0,5.0,76.3,4,0,647,Portuguese,MS
40.0,40.0,0.0,19.5,4,0,648,Portuguese,MS
55.00000000000001,60.0,4.999999999999993,69.0,0,0,649,Portuguese,MS
25.0,0.0,-25.0,0.9,0,1,650,Portuguese,MS
45.0,50.0,5.0,40.7,2,0,651,Portuguese,MS
25.0,0.0,-25.0,0.9,0,1,652,Portuguese,MS
90.0,90.0,0.0,99.3,0,0,653,Portuguese,MS
55.00000000000001,55.00000000000001,0.0,65.3,5,0,654,Portuguese,MS
40.0,50.0,10.0,32.3,2,0,655,Portuguese,MS
55.00000000000001,55.00000000000001,0.0,65.3,0,0,656,Portuguese,MS
40.0,0.0,-40.0,2.4,0,1,657,Portuguese,MS
70.0,70.0,0.0,87.2,5,0,658,Portuguese,MS
50.0,55.00000000000001,5.000000000000007,57.7,4,0,350,Portuguese,MS
50.0,50.0,0.0,49.1,0,0,351,Portuguese,MS
60.0,60.0,0.0,71.9,2,0,352,Portuguese,MS
75.0,70.0,-5.0,89.6,0,0,353,Portuguese,MS
70.0,65.0,-5.0,83.2,2,0,354,Portuguese,MS
95.0,85.0,-10.0,99.3,0,0,355,Portuguese,MS
80.0,75.0,-5.0,93.1,0,0,659,Portuguese,MS
65.0,60.0,-5.0,76.3,6,0,358,Portuguese,MS
75.0,70.0,-5.0,89.6,4,0,359,Portuguese,MS
65.0,65.0,0.0,80.1,0,0,360,Portuguese,MS
40.0,50.0,10.0,32.3,0,1,361,Portuguese,MS
75.0,80.0,5.0,93.1,0,0,362,Portuguese,MS
40.0,40.0,0.0,19.5,0,1,363,Portuguese,MS
50.0,50.0,0.0,49.1,0,0,364,Portuguese,MS
35.0,25.0,-10.0,4.6,0,1,365,Portuguese,MS
45.0,50.0,5.0,40.7,3,0,367,Portuguese,MS
50.0,55.00000000000001,5.000000000000007,57.7,8,0,368,Portuguese,MS
35.0,40.0,5.0,14.6,4,1,369,Portuguese,MS
75.0,85.0,10.0,94.7,0,0,370,Portuguese,MS
50.0,55.00000000000001,5.000000000000007,57.7,4,0,371,Portuguese,MS
35.0,40.0,5.0,14.6,4,1,660,Portuguese,MS
65.0,70.0,5.0,83.2,1,0,373,Portuguese,MS
80.0,80.0,0.0,94.7,1,0,374,Portuguese,MS
40.0,45.0,5.0,25.7,10,1,375,Portuguese,MS
85.0,90.0,5.0,98.0,4,0,376,Portuguese,MS
35.0,35.0,0.0,10.4,0,1,377,Portuguese,MS
70.0,75.0,5.0,89.6,4,0,378,Portuguese,MS
25.0,40.0,15.0,6.6,0,1,379,Portuguese,MS
35.0,35.0,0.0,10.4,0,1,380,Portuguese,MS
70.0,85.0,15.0,93.1,0,0,381,Portuguese,MS
30.0,45.0,15.0,14.6,0,0,661,Portuguese,MS
35.0,45.0,10.0,19.5,4,0,382,Portuguese,MS
50.0,55.00000000000001,5.000000000000007,57.7,4,0,383,Portuguese,MS
75.0,75.0,0.0,91.6,4,0,384,Portuguese,MS
55.00000000000001,60.0,4.999999999999993,69.0,6,1,385,Portuguese,MS
50.0,50.0,0.0,49.1,6,0,387,Portuguese,MS
50.0,55.00000000000001,5.000000000000007,57.7,4,0,389,Portuguese,MS
